Name;Genres;Publisher;Writer;Artist;Publication date;Status;Views;URL
Adventures of Little Archie;Adventure;Archie Comics;Bob Bolling;Bob Bolling;September 21, 2004;Completed;27,195;https://readcomiconline.li/Comic/Adventures-of-Little-Archie
Adventures of the Fly;Action, Adventure, Superhero;Archie Comics;Robert Bernstein;John Giunta;July 1960 - October 1964;Completed;30,072;https://readcomiconline.li/Comic/Adventures-of-the-Fly
Adventures of the Jaguar;Action, Adventure, Superhero;Archie Comics;Robert Bernstein;John Rosenberger;September 1961 - November 1963;Completed;20,974;https://readcomiconline.li/Comic/Adventures-of-the-Jaguar
Afterlife with Archie;Horror;Archie Comics;Roberto Aguirre-Sacasa;Francesco Francavilla;September 2013;Ongoing;498,767;https://readcomiconline.li/Comic/Afterlife-with-Archie
Archie & Friends;Comedy, Drama;Archie Comics;Dan Parent;Jim Amash, Jack Morelli, Dan Parent, Bob Smith, Glenn Whitmore;February 13 2019;Ongoing;25,054;https://readcomiconline.li/Comic/Archie-Friends
Archie & Friends A Halloween Tale;Comedy;Archie Comics;Ken Penders;Dan Decarlo, Pat Spaziante;September 1998;Completed;49,992;https://readcomiconline.li/Comic/Archie-Friends-A-Halloween-Tale
Archie & Friends Beach Party;Comedy, School Life;Archie Comics;Dan Parent;Jim Amash, Jack Morelli, Dan Parent, Bob Smith, Glenn Whitmore;June 12 2019;Completed;40,994;https://readcomiconline.li/Comic/Archie-Friends-Beach-Party
Archie & Friends: Back to School;Action, Adventure;Archie Comics;Archie Superstars;Archie Superstars;September 4 2019;Completed;29,972;https://readcomiconline.li/Comic/Archie-Friends-Back-to-School
Archie (1960);Action, Adventure, Comedy, Superhero;Archie Comics;Tom DeFalco;Tim Kennedy;November 1960 - July 2015;Completed;863,868;https://readcomiconline.li/Comic/Archie-1960
Archie (2015);Comedy, Graphic Novels;Archie Comics;Victor Gorelick, Jamie Lee Rotante;Fiona Staples;September 2015;Completed;1,647,852;https://readcomiconline.li/Comic/Archie-2015
Archie 1000 Page Comic Jamboree;Children, Comedy, Romance;Archie Comics;Various;Various;November 2013;Completed;68,274;https://readcomiconline.li/Comic/Archie-1000-Page-Comic-Jamboree
Archie 1000 Page Comics Blowout!;Comedy, Romance;Archie Comics;Various;Various;2015;Completed;105,233;https://readcomiconline.li/Comic/Archie-1000-Page-Comics-Blowout
Archie 1000 Page Comics Bonanza;Children, Comedy;Archie Comics;Barbara Slate;Pat Kennedy;2014;Completed;83,521;https://readcomiconline.li/Comic/Archie-1000-Page-Comics-Bonanza
Archie 1000 Page Comics Digest;Children, Comedy, Romance;Archie Comics;Various;Various;June 2013;Completed;56,193;https://readcomiconline.li/Comic/Archie-1000-Page-Comics-Digest
Archie 1000 Page Comics Explosion;Children, Comedy, Romance;Archie Comics;Various;Various;July 2014;Completed;52,664;https://readcomiconline.li/Comic/Archie-1000-Page-Comics-Explosion
Archie 1000 Page Comics Extravaganza;Children, Comedy, Romance;Archie Comics;Various;Various;September 2013;Completed;46,658;https://readcomiconline.li/Comic/Archie-1000-Page-Comics-Extravaganza
Archie 1000 Page Comics Festival;Comedy, Romance;Archie Comics;Various;Various;October 25 2017;Completed;41,788;https://readcomiconline.li/Comic/Archie-1000-Page-Comics-Festival
Archie 1000 Page Comics Party;Children, Comedy, Romance;Archie Comics;Archie Superstars;Archie Superstars;February 13 2019;Completed;54,266;https://readcomiconline.li/Comic/Archie-1000-Page-Comics-Party
Archie 1000 Page Comics Treasury;Comedy, Graphic Novels, Romance;Archie Comics;Various;Various;March 2018;Completed;67,289;https://readcomiconline.li/Comic/Archie-1000-Page-Comics-Treasury
Archie 1000 Page Comics-Palooza;Children, Comedy, Romance;Archie Comics;Various;Various;February 5 2014;Completed;37,107;https://readcomiconline.li/Comic/Archie-1000-Page-Comics-Palooza
Archie 1955;Comedy, Romance;Archie Comics;Brian Augustyn, Mark Waid;Tom Grummett, Jack Morelli, Bob Smith, Glenn Whitmore;September 18 2019;Completed;50,036;https://readcomiconline.li/Comic/Archie-1955
Archie 3000;Comedy, Drama, Leading Ladies, Slice of Life;Archie Comics;Archie Superstars;Archie Superstars;February 27 2019;Completed;35,277;https://readcomiconline.li/Comic/Archie-3000
Archie 75th Anniversary Digest;Comedy, Romance;Archie Comics;Various;Various;September 7 2016;Ongoing;86,978;https://readcomiconline.li/Comic/Archie-75th-Anniversary-Digest
Archie Americana Series;Comedy, School Life, Slice of Life;Archie Comics;Various;Various;June 1995 - April 2011;Completed;67,899;https://readcomiconline.li/Comic/Archie-Americana-Series
Archie And Me Comics Digest;Comedy, Drama, Romance;Archie Comics;Various;Various;December 2017;Ongoing;52,035;https://readcomiconline.li/Comic/Archie-And-Me-Comics-Digest
Archie Annual;Comedy;Archie Comics;Various;Bill Vigoda, Ray Gill;1950;Completed;24,591;https://readcomiconline.li/Comic/Archie-Annual
Archie at Riverdale High;Comedy, Drama, Leading Ladies, Slice of Life;Archie Comics;Various;Various;June 20 2018;Ongoing;58,470;https://readcomiconline.li/Comic/Archie-at-Riverdale-High
Archie Christmas Spectacular;Comedy, Drama, Leading Ladies, Slice of Life;Archie Comics;Various;Various;February 2018;Completed;https://readcomiconline.li/Comic/Archie-Christmas-Spectacular
Archie Comics;Comedy, Drama, Slice of Life;Archie Comics;Various;Bob Montana;Winter 1942 - September 1960;Completed;157,176;https://readcomiconline.li/Comic/Archie-Comics
Archie Comics Super Special;Comedy, Drama, Slice of Life;Archie Comics;Various;Various;November 2 2012;Completed;https://readcomiconline.li/Comic/Archie-Comics-Super-Special
Archie Digital Comics Presents: Betty and Veronica Christmas Spectacular;Comedy, Drama, Leading Ladies, Slice of Life;Archie Comics;Various;Various;December 12 2014;Completed;46,240;https://readcomiconline.li/Comic/Archie-Digital-Comics-Presents-Betty-and-Veronica-Christmas-Spectacular
Archie Giant Comics Bash;Children, Comedy, Romance;Archie Comics;Archie Superstars;Archie Superstars;November 7 2018;Completed;39,585;https://readcomiconline.li/Comic/Archie-Giant-Comics-Bash
Archie Giant Comics Collection;Comedy, Romance;Archie Comics;Various;Various;2015;Completed;57,400;https://readcomiconline.li/Comic/Archie-Giant-Comics-Collection
Archie Giant Comics Digest;Children, Comedy, Romance;Archie Comics;Various;Various;September 2014;Completed;39,690;https://readcomiconline.li/Comic/Archie-Giant-Comics-Digest
Archie Halloween Blowout;Children, Comedy, School Life;Archie Comics;Various;Various;October 2012;Completed;23,603;https://readcomiconline.li/Comic/Archie-Halloween-Blowout
Archie Meets Batman '66;Comedy, Drama, Romance;Archie Comics;Michael Moreci, Jeff Parker;J. Bone, Kelly Fitzpatrick, Jack Morelli, Dan Parent;July 2018;Completed;91,931;https://readcomiconline.li/Comic/Archie-Meets-Batman-66
Archie Meets Ramones;Drama;Archie Comics;Matthew Rosenberg, Alex Segura;Shouri, Gisele Lagace;October 2016;Completed;30,795;https://readcomiconline.li/Comic/Archie-Meets-Ramones
Archie vs. Predator II;Comedy, Horror, Romance;Archie Comics;Alex de Campi;Kelly Fitzpatrick, Robert Hack, Jack Morelli;July 24 2019;Completed;95,717;https://readcomiconline.li/Comic/Archie-vs-Predator-II
Archie vs. Sharknado;Action, Adventure, Comedy, Horror;Archie Comics;Anthony C. Ferrante;Dan Parent;July 2015;Completed;57,829;https://readcomiconline.li/Comic/Archie-vs-Sharknado
Archie: 1941;Comedy, Drama, Romance;Archie Comics;Brian Augustyn, Mark Waid;Kelly Fitzpatrick, Peter Krause, Jack Morelli;September 12 2018;Completed;70,435;https://readcomiconline.li/Comic/Archie-1941
Archie: A Rock 'n' Roll Romance;Comedy, Drama, Leading Ladies, Slice of Life;Archie Comics;Dan Parent;Jack Morelli, Dan Parent;January 29 2014;Completed;56,888;https://readcomiconline.li/Comic/Archie-A-Rock-n-Roll-Romance
Archie: Modern Classics;Comedy, Drama, Leading Ladies, Slice of Life;Archie Comics;Archie Superstars;Archie Superstars;2019;Completed;34,270;https://readcomiconline.li/Comic/Archie-Modern-Classics
Archie: The Married Life - 10th Anniversary;Children, Comedy, Romance;Archie Comics;Michael Uslan;J. Bone, Jack Morelli, Dan Parent, Glenn Whitmore;August 7 2019;Completed;74,653;https://readcomiconline.li/Comic/Archie-The-Married-Life-10th-Anniversary
Archie: Varsity Edition;Children, Comedy, Romance;Archie Comics;Various;Various;November 1960 - July 2015;Completed;38,204;https://readcomiconline.li/Comic/Archie-Varsity-Edition
Archie's 65th Anniversary Bash, Free Comic Book Day Edition;Comedy;Archie Comics;Dan Parent;Dan Parent;Annual 2006;Completed;18,765;https://readcomiconline.li/Comic/Archie-s-65th-Anniversary-Bash-Free-Comic-Book-Day-Edition
Archie's Christmas Spectacular;Comedy, Drama, Leading Ladies, Slice of Life;Archie Comics;Archie Superstars;Archie Superstars;December 11 2019;Completed;15,937;https://readcomiconline.li/Comic/Archie-s-Christmas-Spectacular
Archie's Funhouse Double Digest;Children, Comedy, Romance;Archie Comics;John Workman;Rex W. Lindsey;March 2014;Completed;https://readcomiconline.li/Comic/Archie-s-Funhouse-Double-Digest
Archie's Girls Betty and Veronica;Adventure, Comedy, Family;Archie Comics;George Frese;George Frese;1950 - April 1987;Completed;493,469;https://readcomiconline.li/Comic/Archie-s-Girls-Betty-and-Veronica
Archie's Halloween Spectacular;Comedy, Drama, Leading Ladies, Slice of Life;Archie Comics;Archie Superstars;Archie Superstars;October 10 2018;Completed;21,636;https://readcomiconline.li/Comic/Archie-s-Halloween-Spectacular
Archie's Madhouse;Comedy;Archie Comics;Various;Various;September 1959 - May 1968;Completed;96,749;https://readcomiconline.li/Comic/Archie-s-Madhouse
Archie's New Look Series;Comedy, Drama, Leading Ladies, Slice of Life;Archie Comics;Melanie J. Morgan;Steven Butler;2010;Completed;72,772;https://readcomiconline.li/Comic/Archie-s-New-Look-Series
Archie's Pal Jughead Comics;Children, Fantasy;Archie Comics;George Gladir, Al Hartley;Stan Goldberg, Mike Esposito;June 1993 - September 2012;Completed;150,253;https://readcomiconline.li/Comic/Archie-s-Pal-Jughead-Comics
Archie's Superteens;Action, Adventure, Comedy, Superhero;Archie Comics;Ian Flynn;Various;May 2019;Completed;23,371;https://readcomiconline.li/Comic/Archie-s-Superteens
Archie's Superteens Versus Crusaders;Comedy, Drama, Romance;Archie Comics;Ian Flynn, Gary Martin, David Williams;Gary Martin, Jack Morelli, Kelsey Shannon, David Williams;June 20 2018;Completed;34,089;https://readcomiconline.li/Comic/Archie-s-Superteens-Versus-Crusaders
Archie's TV Laugh-Out;Comedy;Archie Comics;Various;Various;December 1969 - April 1986;Completed;46,907;https://readcomiconline.li/Comic/Archie-s-TV-Laugh-Out
Archie's Weird Mysteries;Children, Fantasy, Horror, Sci-Fi;Archie Comics;Paul Castiglia;Bill Golliher;February 2000 - December 2002;Completed;122,133;https://readcomiconline.li/Comic/Archie-s-Weird-Mysteries
B&V Friends Forever: Spring Break;Comedy, Drama, Romance;Archie Comics;Archie Superstars;Archie Superstars;March 10 2021;Completed;7,111;https://readcomiconline.li/Comic/B-V-Friends-Forever-Spring-Break
Best of Archie Americana;Comedy, School Life, Slice of Life;Archie Comics;Various;Various;November 22 2017;Completed;28,243;https://readcomiconline.li/Comic/Best-of-Archie-Americana
Betty;Comedy, Slice of Life;Archie Comics;Various;Various;September 1992 - January 2012;Completed;99,017;https://readcomiconline.li/Comic/Betty
Betty & Veronica (2019);Comedy, Drama, Romance;Archie Comics;Jamie L. Rotante;Kelly Fitzpatrick, Sandra Lanz, Jack Morelli;December 19 2018;Completed;68,260;https://readcomiconline.li/Comic/Betty-Veronica-2018
Betty & Veronica Friends Forever: At Movies;Comedy, Drama, Leading Ladies, Slice of Life;Archie Comics;Various;Various;May 2 2018;Completed;18,553;https://readcomiconline.li/Comic/Betty-Veronica-Best-Friends-Forever-At-Movies
Betty & Veronica Friends Forever: Go To Work;Comedy, Drama, Romance;Archie Comics;Bill Golliher;Rich Koslowski, Jack Morelli, Dan Parent, Glenn Whitmore;January 23 2019;Completed;13,974;https://readcomiconline.li/Comic/Betty-Veronica-Friends-Forever-Go-To-Work
Betty & Veronica Friends Forever: Pets;Comedy, Drama, Romance;Archie Comics;Bill Golliher;Rich Koslowski, Jack Morelli, Dan Parent, Glenn Whitmore;March 27 2019;Completed;9,710;https://readcomiconline.li/Comic/Betty-Veronica-Friends-Forever-Pets
Betty & Veronica Friends Forever: Return To Storybook Land;Comedy, Drama, Romance;Archie Comics;Dan Parent;Jim Amash, Jack Morelli, Dan Parent, Bob Smith, Glenn Whitmore;September 2019;Completed;12,155;https://readcomiconline.li/Comic/Betty-Veronica-Friends-Forever-Return-To-Storybook-Land
Betty & Veronica Friends Forever: Travel Tales;Comedy, Drama, Romance;Archie Comics;Bill Golliher;Rich Koslowski, Jack Morelli, Dan Parent, Glenn Whitmore;July 11 2018;Completed;14,830;https://readcomiconline.li/Comic/Betty-Veronica-Friends-Forever-Travel-Tales
Betty & Veronica Spectacular;Comedy, Leading Ladies, Slice of Life;Archie Comics;George Gladir;Dan Decarlo, Alison Flood;October 1992 - September 2009;Completed;39,458;https://readcomiconline.li/Comic/Betty-Veronica-Spectacular
Betty & Veronica: Storybook;Comedy, Drama, Leading Ladies, Sci-Fi;Archie Comics;Dan Parent;Dan Parent;2010;Completed;https://readcomiconline.li/Comic/Betty-Veronica-Storybook
Betty & Veronica: Vixens;Comedy, Drama, Romance;Archie Comics;Jamie L. Rotante;Eva Cabrera, Rachel Deering, Elaina Unger;November 22 2017;Completed;67,604;https://readcomiconline.li/Comic/Betty-Veronica-Vixens
Betty and Me;Comedy, Drama, Romance;Archie Comics;Various;Various;August 1965 - August 1992;Completed;132,662;https://readcomiconline.li/Comic/Betty-and-Me
Betty and Veronica (1987);Comedy;Archie Comics;Frank X Doyle;Dan Decarlo;June 1987 - December 2015;Completed;96,444;https://readcomiconline.li/Comic/Betty-and-Veronica
Betty and Veronica Double Digest;Children, Comedy, Leading Ladies, Romance;Archie Comics;Various;Various;June 1987;Ongoing;https://readcomiconline.li/Comic/Betty-and-Veronica-Double-Digest
Betty and Veronica Summer Fun;Comedy, Drama, Leading Ladies, Slice of Life;Archie Comics;Various;Various;May 27 2013;Completed;22,697;https://readcomiconline.li/Comic/Betty-and-Veronica-Summer-Fun
Big Moose;Comedy, Drama, Romance;Archie Comics;Gorf, Ryan Cady, Sean Ryan;Thomas Pitilli, Cory Smith, Wilfredo Torres;April 26 2017;Completed;25,534;https://readcomiconline.li/Comic/Big-Moose
Black Hood Comics;Action, Adventure, Superhero;Archie Comics;Various;Bill Vigoda, Bob Fujitani;Winter 1943 - Summer 1946;Completed;11,059;https://readcomiconline.li/Comic/Black-Hood-Comics
Blossoms: 666;Drama, Horror;Archie Comics;Cullen Bunn;Laura Braga, Matt Herms, Jack Morelli;January 23 2019;Completed;74,133;https://readcomiconline.li/Comic/Blossoms-666
Blue Ribbon Comics;Action, Adventure, Superhero;Archie Comics;Stan Timmons;Steve Ditko;November 1983 - December 1984;Completed;17,313;https://readcomiconline.li/Comic/Blue-Ribbon-Comics
Blue Ribbon Comics (1939);Action, Adventure, Superhero;Archie Comics;George Nagle, Jack Cole, Joe Simon;Norman Danberg;November 1939 - March 1942;Completed;17,156;https://readcomiconline.li/Comic/Blue-Ribbon-Comics-1939
Cheryl Blossom (1996);Children, Comedy, Leading Ladies, Romance, Slice of Life;Archie Comics;Dan Parent;Dan Decarlo, Alison Flood;July 1996 - September 1996;Completed;27,670;https://readcomiconline.li/Comic/Cheryl-Blossom-1996
Cheryl Blossom (1997);Children, Comedy, Leading Ladies, Romance, Slice of Life;Archie Comics;Dan Parent;Dan Decarlo;April 1997 - March 2001;Completed;74,848;https://readcomiconline.li/Comic/Cheryl-Blossom
Cheryl Blossom Special;Comedy, Leading Ladies, Romance, Slice of Life;Archie Comics;Dan Parent;Dan Parent;February 6 2013;Completed;16,066;https://readcomiconline.li/Comic/Cheryl-Blossom-Special
Chilling Adventures in Sorcery;Horror, Suspense;Archie Comics;Various;Various;January 3 2018;Completed;22,496;https://readcomiconline.li/Comic/Chilling-Adventures-in-Sorcery
Chilling Adventures of Sabrina;Action, Adventure, Horror, Supernatural, Suspense;Archie Comics;Roberto Aguirre-Sacasa;Robert Hack;October 2014;Completed;724,718;https://readcomiconline.li/Comic/Chilling-Adventures-of-Sabrina
Chilling Adventures of Sabrina - Halloween ComicFest Edition;Horror, Supernatural, Suspense;Archie Comics;Roberto Aguirre-Sacasa;Robert Hack;October 2017;Completed;https://readcomiconline.li/Comic/Chilling-Adventures-of-Sabrina-Halloween-ComicFest-Edition
Chilling Adventures of Sabrina: Occult Edition;Horror, Supernatural, Suspense;Archie Comics;Roberto Aguirre-Sacasa;Robert Hack, Jack Morelli;September 25 2019;Completed;24,142;https://readcomiconline.li/Comic/Chilling-Adventures-of-Sabrina-Occult-Edition
Conservation Corps;Action, Adventure, Anthropomorphic, Children, Superhero;Archie Comics;Various;Various;August 1993 - November 1993;Completed;6,998;https://readcomiconline.li/Comic/Conservation-Corps
Cosmo;Comedy, Drama, Romance;Archie Comics;Ian Flynn;Tracy Yardley;February 2018;Ongoing;24,149;https://readcomiconline.li/Comic/Cosmo
Cosmo the Merry Martian: The Complete Series;Adventure, Anthropomorphic, Sci-Fi;Archie Comics;Various;Various;April 2013;Completed;8,038;https://readcomiconline.li/Comic/Cosmo-the-Merry-Martian-The-Complete-Series
Cosmo: The Mighty Martian;Comedy, Drama, Romance;Archie Comics;Ian Flynn;Matt Herms, Jack Morelli, Tracy Yardley;November 13 2019;Completed;26,129;https://readcomiconline.li/Comic/Cosmo-The-Mighty-Martian
Faculty Funnies;Children;Archie Comics;George Gladir;Stan Goldberg;June 1989;Completed;14,069;https://readcomiconline.li/Comic/Faculty-Funnies
Fly Man;Action, Adventure, Superhero;Archie Comics;Jerome Siegel;Paul Reinman;May 1965 - September 1966;Completed;13,858;https://readcomiconline.li/Comic/Fly-Man
Franken 9;Action, Adventure, Pulp, Superhero;Archie Comics;Jared Goldwater, Ryan Straughn;Ryan Jampole;November 22 2017;Completed;12,835;https://readcomiconline.li/Comic/Franken-9
Hangman Comics;Action, Adventure, Superhero;Archie Comics;Various;Harry Lucey;Spring 1942 - Fall 1943;Completed;7,166;https://readcomiconline.li/Comic/Hangman-Comics
Hanna-Barbera Presents;Children, Movies & TV;Archie Comics;Earl Kress;Scott Jeralds;November 1995 - October 1996;Completed;18,115;https://readcomiconline.li/Comic/Hanna-Barbera-Presents
Jinx;Comedy, Leading Ladies, School Life, Slice of Life;Archie Comics;J. Torres;Rick Burchett;March 2012;Completed;19,050;https://readcomiconline.li/Comic/Jinx
Jolly Jingles;Anthropomorphic, Children, Comedy;Archie Comics;Various;Various;January 1, 1943;Completed;6,601;https://readcomiconline.li/Comic/Jolly-Jingles
Josie and the Pussycats;Action, Adventure, Comedy;Archie Comics;Marguerite Bennett, Cameron Deordio;Audrey Mok;November 2016;Completed;80,687;https://readcomiconline.li/Comic/Josie-and-the-Pussycats
Jughead (2015);Action, Adventure, Comedy;Archie Comics;Chip Zdarsky;Erica Henderson;November 2015;Ongoing;286,842;https://readcomiconline.li/Comic/Jughead-2015
Jughead and Archie Double Digest;Comedy, Romance;Archie Comics;Various;Various;June 2014;Ongoing;https://readcomiconline.li/Comic/Jughead-and-Archie-Double-Digest
Jughead The Hunger;Drama, Horror, Supernatural, Suspense;Archie Comics;Frank Tieri;Michael Walsh;May 2017;Ongoing;230,906;https://readcomiconline.li/Comic/Jughead-The-Hunger
Jughead the Hunger vs. Vampironica;Drama, Horror, Supernatural, Suspense;Archie Comics;Frank Tieri;Joe Eisma, Matt Herms, Ryan Jampole, Pat Kennedy, Tim Kennedy, Jack Morelli, Bob Smith;April 24 2019;Completed;87,396;https://readcomiconline.li/Comic/Jughead-the-Hunger-vs-Vampironica
Jughead's Diner;Comedy;Archie Comics;Bill Golliher, Dan Parent;Bill Golliher, Dan Parent;April 1990 - April 1991;Completed;22,583;https://readcomiconline.li/Comic/Jughead-s-Diner
Jughead's Time Police (1990);Children, Comedy, School Life;Archie Comics;Rich Margopoulos;Rex W. Lindsey;July 1990 - May 1991;Completed;39,829;https://readcomiconline.li/Comic/Jughead-s-Time-Police
Jughead's Time Police (2019);Comedy, Drama, Romance;Archie Comics;Sina Grace;Derek Charm, Matt Herms, Jack Morelli;June 12 2019;Completed;60,140;https://readcomiconline.li/Comic/Jughead-s-Time-Police-2019
Katy Keen: Model Behavior;Graphic Novels;Archie Comics;Andrew Pepoy;Andrew Pepoy;August 20, 2008;Completed;8,838;https://readcomiconline.li/Comic/Katy-Keen-Model-Behavior
Katy Keene Annual;Romance;Archie Comics;Various;Various;1954;Completed;3,959;https://readcomiconline.li/Comic/Katy-Keene-Annual
Kevin Keller;Comedy, LGBTQ, Slice of Life;Archie Comics;Dan Parent;Dan Parent;April 2012;Completed;49,085;https://readcomiconline.li/Comic/Kevin-Keller
Knuckles' Chaotix;Action, Adventure, Children;Archie Comics;Ken Penders, Mike Kanterovich;Art Mawhinney, Harvey Mercadoocasio, Ken Penders;January 1996;Completed;44,530;https://readcomiconline.li/Comic/Knuckles-Chaotix
Knuckles the Echidna;Action, Adventure, Comedy, Fantasy;Archie Comics;Ken Penders, Scott Fulop;Manny Galan;August 1997 - February 2000;Completed;232,062;https://readcomiconline.li/Comic/Knuckles-the-Echidna
Koosh Kins;Anthropomorphic, Children, Comedy;Archie Comics;Various;Various;1991;Completed;4,754;https://readcomiconline.li/Comic/Koosh-Kins
Lancelot Strong, The Shield;Action, Adventure, Superhero;Archie Comics;Rich Buckler;Alan Weiss;January 1984 - July 1984;Completed;14,766;https://readcomiconline.li/Comic/Lancelot-Strong-The-Shield
Laugh (Comics);Comedy;Archie Comics;Various;Various;Fall 1946 - April 1987;Completed;https://readcomiconline.li/Comic/Laugh-Comics
Life With Archie (2010);Action, Adventure, Superhero;Archie Comics;Michael Uslan;Andrew Pepoy, Janice Chiang, Joe Rubinstein, Norm Breyfogle;September 2010 - September 2014;Completed;277,579;https://readcomiconline.li/Comic/Life-With-Archie-2010
Life With Kevin;Comedy, Drama, Romance;Archie Comics;Dan Parent;Dan Parent;2016;Completed;26,143;https://readcomiconline.li/Comic/Life-With-Kevin
Little Archie;Children, Comedy, Romance;Archie Comics;Franco, Art Baltazar;Art Baltazar;2017;Completed;41,641;https://readcomiconline.li/Comic/Little-Archie
Little Archie's Lucky Day;Comedy, Romance;Archie Comics;Franco, Art Baltazar;Art Baltazar;April 17 2019;Completed;10,286;https://readcomiconline.li/Comic/Little-Archie-s-Lucky-Day
Madhouse Comics;Anthropomorphic, Comedy;Archie Comics;Various;Gray Morrow;January 1974;Completed;https://readcomiconline.li/Comic/Madhouse-Comics
Mega Man (2011);Action, Adventure, Fantasy, Sci-Fi;Archie Comics;Ian Flynn;Pat Spaziante;May 2011;Ongoing;1,030,836;https://readcomiconline.li/Comic/Mega-Man
Mighty Comics;Action, Adventure, Superhero;Archie Comics;Jerry Siegel;Paul Reinman;November 1966 - October 1967;Completed;10,619;https://readcomiconline.li/Comic/Mighty-Comics
Mighty Mutanimals (1991);Action, Adventure, Superhero;Archie Comics;Dean Clarrain;Steve Lavigne, Ken Mitchroney, Ryan Brown;May 1991 - July 1991;Completed;14,549;https://readcomiconline.li/Comic/Mighty-Mutanimals
Mighty Mutanimals (1992);Action, Adventure, Superhero;Archie Comics;Dean Clarrain;Garret Ho;April 1992 - June 1993;Completed;19,313;https://readcomiconline.li/Comic/Mighty-Mutanimals-1992
New Crusaders: Dark Tomorrow Special;Action, Adventure, Superhero, Suspense;Archie Comics;Ian Flynn;Phil Jimenez, John Workman, Alitha Martinez;June 30, 2015;Completed;https://readcomiconline.li/Comic/New-Crusaders-Dark-Tomorrow-Special
New Crusaders: Legacy;Action, Adventure, Graphic Novels, Superhero;Archie Comics;Various;Various;2013;Completed;11,267;https://readcomiconline.li/Comic/New-Crusaders-Legacy
New Crusaders: Rise Of The Heroes;Action, Adventure, Graphic Novels, Superhero;Archie Comics;Ian Flynn;Ben Bates;October 2012 - March 2013;Completed;31,885;https://readcomiconline.li/Comic/New-Crusaders-Rise-Of-The-Heroes
NiGHTS into Dreams...;Video Games;Archie Comics;Dan Slott;Manny Galan;February 1998 - October 1998;Completed;33,967;https://readcomiconline.li/Comic/NiGHTS-into-Dreams
Pep Comics;Action, Adventure, Superhero;Archie Comics;Various;Various;January 1940 - February 1987;Completed;141,143;https://readcomiconline.li/Comic/Pep-Comics
Pep Digital;Comedy, School Life;Archie Comics;Various;Various;March 2012;Completed;44,697;https://readcomiconline.li/Comic/Pep-Digital
Princess Sally;Action, Adventure, Anthropomorphic, Video Games;Archie Comics;Mike Kanterovich, Ken Penders;Art Mawhinney;April 1995 - June 1995;Completed;51,124;https://readcomiconline.li/Comic/Princess-Sally
Red Circle Sorcery;Adventure;Archie Comics;Carole Seuling, Marv Channing;Gray Morrow, Howard Chaykin, Vicente Alcazar;April 1974 - February 1975;Completed;8,165;https://readcomiconline.li/Comic/Red-Circle-Sorcery
Reggie and Me (2016);Comedy, Drama, Romance;Archie Comics;Tom DeFalco;Kelly Fitzpatrick, Sandy Jarrell, Jack Morelli;2016;Completed;44,330;https://readcomiconline.li/Comic/Reggie-and-Me
Reggie and Me (2019);Children, Comedy, Romance;Archie Comics;Archie Superstars;Archie Superstars;January 30 2019;Completed;5,932;https://readcomiconline.li/Comic/Reggie-and-Me-2019
Riverdale;Drama, Movies & TV, Romance;Archie Comics;Roberto Aguirre-Sacasa;Stephen Downer, Alitha Martinez;April 2017;Completed;280,437;https://readcomiconline.li/Comic/Riverdale
Riverdale Digest;Drama, Movies & TV, Romance;Archie Comics;Various;Various;June 2017;Completed;8,124;https://readcomiconline.li/Comic/Riverdale-Digest
Riverdale: Season Three;Drama, Movies & TV, Romance;Archie Comics;Micol Ostow;Janice Chiang, Joe Eisma, Thomas Pitilli, Andre Szymanowicz, John Workman;March 13 2019;Completed;https://readcomiconline.li/Comic/Riverdale-Season-Three
Rogue State;Action, Adventure, Superhero;Archie Comics;Jared Goldwater, Paul Kupperberg;Ryan Jampole, Jack Morelli, Bob Smith, Glenn Whitmore;February 20 2019;Ongoing;8,540;https://readcomiconline.li/Comic/Rogue-State
Sabrina Super Special;Horror, Movies & TV;Archie Comics;Archie Superstars;Archie Superstars;September 2019;Completed;10,859;https://readcomiconline.li/Comic/Sabrina-Super-Special
Sabrina The Teenage Witch (1971);Comedy;Archie Comics;George Gladir;Dan DeCarlo Jr., Rudy Lapick, Bill S. Yoshida - 'Saburo';April 1971 - February 1983;Completed;167,871;https://readcomiconline.li/Comic/Sabrina-The-Teenage-Witch-1971
Sabrina the Teenage Witch (1997);Action, Adventure, Fantasy;Archie Comics;Michael Gallagher;Mike Decarlo;1997;Completed;98,341;https://readcomiconline.li/Comic/Sabrina-the-Teenage-Witch-1997
Sabrina the Teenage Witch (2000);Action, Adventure, Fantasy;Archie Comics;Various;Dave Manak;January 2000 - September 2009;Completed;127,344;https://readcomiconline.li/Comic/Sabrina-the-Teenage-Witch-2000
Sabrina the Teenage Witch (2019);Comedy, Drama, Romance;Archie Comics;Kelly Thompson;Andy Fish, Veronica Fish, Jack Morelli;March 27 2019;Completed;228,599;https://readcomiconline.li/Comic/Sabrina-the-Teenage-Witch-2019
Sabrina the Teenage Witch (2020);Leading Ladies, Slice of Life;Archie Comics;Kelly Thompson;Andy Fish, Veronica Fish;April 01, 2020;Ongoing;137,729;https://readcomiconline.li/Comic/Sabrina-the-Teenage-Witch-2020
Sabrina the Teenage Witch Complete Collection;Action, Adventure, Children, Fantasy;Archie Comics;Various;Various;June 2017;Completed;https://readcomiconline.li/Comic/Sabrina-the-Teenage-Witch-Complete-Collection
Sabrina the Teenage Witch: The Magic Within;Comedy, Drama, Leading Ladies, Slice of Life;Archie Comics;Tania Del Rio;Tania Del Rio;March 2013;Completed;61,869;https://readcomiconline.li/Comic/Sabrina-the-Teenage-Witch-The-Magic-Within
Sabrina's Holiday Spectacular;Comedy;Archie Comics;Bill Golliher, Dan Parent, George Gladir;Bill Golliher, Dan Parent;1993;Completed;9,433;https://readcomiconline.li/Comic/Sabrina-s-Holiday-Spectacular
Scooby-Doo (1995);Adventure, Comedy;Archie Comics;Lee Weeks;Lee Weeks;October 1995;Completed;74,986;https://readcomiconline.li/Comic/Scooby-Doo-1995
She's Josie;Adventure, Children;Archie Comics;Frank X Doyle;Dan Decarlo;February 1963 - October 1982;Completed;88,621;https://readcomiconline.li/Comic/She-s-Josie
Sonic & Knuckles Special;Action, Adventure, Children, Superhero, Video Games;Archie Comics;Ken Penders, Mike Kanterovich;Art Mawhinney, Dave Manak;August 1995;Completed;https://readcomiconline.li/Comic/Sonic-Knuckles-Special
Sonic & Knuckles: Mecha Madness Special;Action, Adventure, Children, Movies & TV, Superhero, Video Games;Archie Comics;Michael Gallagher;Dave Manak;1996;Completed;https://readcomiconline.li/Comic/Sonic-Knuckles-Mecha-Madness-Special
Sonic Blast Special;Anthropomorphic, Children, Fantasy, Movies & TV;Archie Comics;Angelo Decesare, Michael Gallagher;Harvo, Pat Spaziante;1997;Completed;https://readcomiconline.li/Comic/Sonic-Blast-Special
Sonic Boom;Action, Adventure, Comedy, Fantasy;Archie Comics;Ian Flynn;Evan Stanley;December 2014;Ongoing;351,498;https://readcomiconline.li/Comic/Sonic-Boom
Sonic Comics Spectacular: Speed of Sound;Action, Adventure;Archie Comics;Ian Flynn;Jennifer Hernandez, Rick Bryant;2016;Completed;91,190;https://readcomiconline.li/Comic/Sonic-Comics-Spectacular-Speed-of-Sound
Sonic Live!;Anthropomorphic, Children, Fantasy, Movies & TV, Video Games;Archie Comics;Ken Penders, Rich Koslowski;Art Mawhinney;1997;Completed;57,061;https://readcomiconline.li/Comic/Sonic-Live
Sonic Mega Man Worlds Collide;Action, Adventure, Robots, Video Games;Archie Comics;Ian Flynn;Jamal Peppers, Ryan Jampole;2013;Completed;274,954;https://readcomiconline.li/Comic/Sonic-Mega-Man-Worlds-Collide
Sonic Quest - The Death Egg Saga;Action, Adventure, Children, Video Games;Archie Comics;Various;Various;December 1997 - February 1997;Completed;79,794;https://readcomiconline.li/Comic/Sonic-Quest-The-Death-Egg-Saga
Sonic Select Vol. 9;Action, Adventure, Children, Video Games;Archie Comics;Various;Various;April 9 2014;Completed;52,833;https://readcomiconline.li/Comic/Sonic-Select-Vol-9
Sonic Super Digest;Action, Adventure, Comedy, Fantasy;Archie Comics;Various;Various;December 2012;Ongoing;119,338;https://readcomiconline.li/Comic/Sonic-Super-Digest
Sonic Super Special;Action, Adventure, Comedy, Fantasy;Archie Comics;Ken Penders;Dave Manak;1997 - November 2000;Completed;192,649;https://readcomiconline.li/Comic/Sonic-Super-Special
Sonic Super Special Magazine;Action, Adventure, Superhero, Video Games;Archie Comics;Ian Flynn, Ken Penders;Various;November 2011;Completed;68,480;https://readcomiconline.li/Comic/Sonic-Super-Special-Magazine
Sonic The Hedgehog (1993);Action, Adventure, Comedy, Fantasy;Archie Comics;Ian Flynn;Various;July 1993;Completed;5,022,978;https://readcomiconline.li/Comic/Sonic-The-Hedgehog
Sonic the Hedgehog (mini);Anthropomorphic, Fantasy, Movies & TV, Video Games;Archie Comics;Michael Gallagher;Scott Shaw;February 1993 - May 1993;Completed;99,052;https://readcomiconline.li/Comic/Sonic-the-Hedgehog-mini
Sonic the Hedgehog Free Comic Book Day Edition;Anthropomorphic, Children, Fantasy, Movies & TV;Archie Comics;Ian Flynn;Pat Spaziante;May 2007;Completed;103,650;https://readcomiconline.li/Comic/Sonic-the-Hedgehog-Free-Comic-Book-Day-Edition
Sonic The Hedgehog In Your Face Special;Anthropomorphic, Children, Fantasy, Movies & TV, Video Games;Archie Comics;Ken Penders;Art Mawhinney;1995;Completed;65,348;https://readcomiconline.li/Comic/Sonic-The-Hedgehog-In-Your-Face-Special
Sonic The Hedgehog Triple Trouble Special;Anthropomorphic, Children, Fantasy, Movies & TV, Video Games;Archie Comics;Ken Penders;Art Mawhinney, Dave Manak, Ken Penders;October 1995;Completed;77,501;https://readcomiconline.li/Comic/Sonic-The-Hedgehog-Triple-Trouble-Special
Sonic the Hedgehog: The Complete Sonic Comic Encyclopedia;Action, Adventure, Video Games;Archie Comics;Ian Flynn;Various;October 2012;Completed;https://readcomiconline.li/Comic/Sonic-the-Hedgehog-The-Complete-Sonic-Comic-Encyclopedia
Sonic Universe;Action, Adventure, Comedy, Fantasy;Archie Comics;Ian Flynn;Pat Spaziante, Tracy Yardley;April 2009;Completed;1,811,281;https://readcomiconline.li/Comic/Sonic-Universe
Sonic vs. Knuckles;Action, Adventure, Video Games;Archie Comics;Ken Penders;Dave Manak;1997;Completed;https://readcomiconline.li/Comic/Sonic-vs-Knuckles
Sonic X;Anthropomorphic, Fantasy;Archie Comics;Joe Edkin;Tim Smith III;November 2005 - February 2009;Completed;330,955;https://readcomiconline.li/Comic/Sonic-X
Sonic: Mega Drive;Adventure, Fantasy;Archie Comics;Ian Flynn;Tyson Hesse;August 2016;Completed;153,903;https://readcomiconline.li/Comic/Sonic-Mega-Drive
Sonic: Mega Drive - The Next Level;Action, Adventure, Children, Video Games;Archie Comics;Ian Flynn;Tyson Hesse;December 2016;Completed;123,744;https://readcomiconline.li/Comic/Sonic-Mega-Drive-The-Next-Level
Sonic: Worlds Unite Battles;Action, Adventure, Video Games;Archie Comics;Aleah Baker, Joel Enos, Ryan Jampole;Rachel Deering, Ben Hunzeker, Phyllis Novin, Jamal Peppers, Evan Stanley, Ryan Jampole, Diana Skelly, Tracy Yardley;September 2015;Completed;127,691;https://readcomiconline.li/Comic/Sonic-Worlds-Unite-Battles
Sonic's Friendly Nemesis, Knuckles;Action, Adventure, Children, Superhero;Archie Comics;Ken Penders, Mike Kanterovich;Art Mawhinney;July 1996 - September 1996;Completed;https://readcomiconline.li/Comic/Sonic-s-Friendly-Nemesis-Knuckles
Street Sharks;Adventure, Crime;Archie Comics;Evan Skolnick;Nelson Ortega;May 1996;Completed;13,518;https://readcomiconline.li/Comic/Street-Sharks
Super Duck;Comedy, Drama;Archie Comics;Ian Flynn, Frank Tieri;Matt Herms, Ryan Jampole, Jack Morelli;March 25 2020;Ongoing;14,987;https://readcomiconline.li/Comic/Super-Duck
Super Duck Comics;Anthropomorphic, Comedy, Drama;Archie Comics;Various;Various;1944;Completed;12,519;https://readcomiconline.li/Comic/Super-Duck-Comics
Super Sonic vs. Hyper Knuckles;Action, Adventure, Video Games;Archie Comics;Mike Kanterovich;Art Mawhinney, Ken Penders;1996;Completed;93,059;https://readcomiconline.li/Comic/Super-Sonic-vs-Hyper-Knuckles
Tails;Adventure, Anthropomorphic;Archie Comics;Michael Gallagher;Dave Manak, Michael Gallagher;December 1995 - February 1996;Completed;51,678;https://readcomiconline.li/Comic/Tails
Tales Calculated to Drive You Bats;Children, Comedy, School Life;Archie Comics;Various;Various;November 1961 - November 1962;Completed;10,459;https://readcomiconline.li/Comic/Tales-Calculated-to-Drive-You-Bats
Tales From Riverdale Digest;Romance, School Life, Slice of Life;Archie Comics;Various;Various;July 2005 - October 2010;Completed;24,707;https://readcomiconline.li/Comic/Tales-From-Riverdale-Digest
Teenage Mutant Ninja Turtles Adventures (1988);Action, Adventure, Fantasy, Graphic Novels, Martial Arts, Superhero;Archie Comics;Michael Dooney;Michael Dooney;August 1988 - December 1988;Completed;54,198;https://readcomiconline.li/Comic/Teenage-Mutant-Ninja-Turtles-Adventures-1988
Teenage Mutant Ninja Turtles Adventures (1989);Action, Adventure, Fantasy, Graphic Novels, Superhero;Archie Comics;Dave Garcia;Dave Garcia;March 1989 - October 1995;Completed;246,287;https://readcomiconline.li/Comic/Teenage-Mutant-Ninja-Turtles-Adventures-1989
Teenage Mutant Ninja Turtles Adventures (1996);Action, Adventure, Fantasy, Mystery, Superhero;Archie Comics;Dan Slott;Hugh Haynes;January 1996 - March 1996;Completed;37,983;https://readcomiconline.li/Comic/Teenage-Mutant-Ninja-Turtles-Adventures-1996
Teenage Mutant Ninja Turtles III The Movie: The Turtles Are Back...In Time!;Action, Adventure, Comedy, Family, Fantasy, Sci-Fi;Archie Comics;Dean Clarrain;Chris Allan;1993;Completed;25,298;https://readcomiconline.li/Comic/Teenage-Mutant-Ninja-Turtles-III-The-Movie-The-Turtles-Are-Back-In-Time
Teenage Mutant Ninja Turtles Meet The Conservation Corps;Action, Adventure, Movies & TV, Superhero;Archie Comics;Paul Castiglia, Dan Nakrosis;Scott Shaw;1992;Completed;13,427;https://readcomiconline.li/Comic/Teenage-Mutant-Ninja-Turtles-Meet-The-Conservation-Corps
Teenage Mutant Ninja Turtles Presents: April O'Neil;Children, Comedy;Archie Comics;Dean Clarrain, Stephen D. Sullivan;Chris Allan, Ryan Brown;January 1993;Completed;23,477;https://readcomiconline.li/Comic/Teenage-Mutant-Ninja-Turtles-Presents-April-O-Neil
Teenage Mutant Ninja Turtles Presents: April O'Neil (May East Saga);Action, Adventure, Children, Comedy, Superhero;Archie Comics;Stanley Wiater;Bob Fingerman;April 1993 - June 1993;Completed;25,731;https://readcomiconline.li/Comic/Teenage-Mutant-Ninja-Turtles-Presents-April-O-Neil-May-East-Saga
Teenage Mutant Ninja Turtles Presents: Donatello and Leatherhead;Action, Adventure, Superhero;Archie Comics;Stanley Wiater;Garret Ho;July 1993 - September 1993;Completed;18,498;https://readcomiconline.li/Comic/Teenage-Mutant-Ninja-Turtles-Presents-Donatello-and-Leatherhead
Teenage Mutant Ninja Turtles Presents: Merdude;Action, Adventure, Superhero;Archie Comics;Dan Berger;Michael Gaydos;October 1993 - December 1993;Completed;13,385;https://readcomiconline.li/Comic/Teenage-Mutant-Ninja-Turtles-Presents-Merdude
That Wilkin Boy;Comedy;Archie Comics;Frank Doyle, Joe Edwards;Dan Decarlo, Rudy Lapick, Joe Edwards;January 1969 - October 1982;Completed;39,148;https://readcomiconline.li/Comic/That-Wilkin-Boy
The Adventures of Bayou Billy;Action, Adventure;Archie Comics;Rich Margopoulos;Amanda Conner, Mike Esposito;September 1989 - June 1990;Completed;https://readcomiconline.li/Comic/The-Adventures-of-Bayou-Billy
The Adventures of Kool-Aid Man;Adventure, Fantasy;Archie Comics;Jim Salicrup;Dan Decarlo;1983 - 1991;Completed;11,521;https://readcomiconline.li/Comic/The-Adventures-of-Kool-Aid-Man
The All New Adventures of the Mighty Crusaders;Action, Adventure, Superhero;Archie Comics;Rich Buckler;Rich Buckler;March 1983 - September 1985;Completed;21,854;https://readcomiconline.li/Comic/The-All-New-Adventures-of-the-Mighty-Crusaders
The Archie Art of Francesco Francavilla;Comedy, Romance;Archie Comics;Francesco Francavilla;Francesco Francavilla;August 7 2019;Ongoing;15,242;https://readcomiconline.li/Comic/The-Archie-Art-of-Francesco-Francavilla
The Archies;Comedy, Drama, Romance;Archie Comics;Alex Segura, Matthew Rosenberg;Joe Eisma;May 24 2017;Completed;63,388;https://readcomiconline.li/Comic/The-Archies
The Best of Archie Comics;Comedy, Slice of Life;Archie Comics;Various;Various;2011;Completed;60,618;https://readcomiconline.li/Comic/The-Best-of-Archie-Comics
The Best of Archie Comics: Betty & Veronica;Comedy, Drama;Archie Comics;Various;Various;April 2014;Completed;40,259;https://readcomiconline.li/Comic/The-Best-of-Archie-Comics-Betty-Veronica
The Best of Archie: Christmas Comics;Comedy, Slice of Life;Archie Comics;Archie Superstars;Archie Superstars;September 30 2020;Completed;11,768;https://readcomiconline.li/Comic/The-Best-of-Archie-Christmas-Comics
The Best of Josie and the Pussycats;Comedy, Slice of Life;Archie Comics;Various;Various;August 23 2017;Completed;17,482;https://readcomiconline.li/Comic/The-Best-of-Josie-and-the-Pussycats
The Black Hood (1983);Action, Adventure, Superhero;Archie Comics;Cary Burkett;Al McWilliams, Doug Wildey, Gray Morrow;June 1983 - October 1983;Completed;10,388;https://readcomiconline.li/Comic/The-Black-Hood-1983
The Black Hood (2015);Action, Adventure, Crime, Superhero;Archie Comics;Duane Swierczynski;Michael Gaydos;April 2015;Completed;26,786;https://readcomiconline.li/Comic/The-Black-Hood-2015
The Black Hood (2016);Action, Adventure, Crime, Superhero;Archie Comics;Duane Swierczynski;Greg Scott;December 2016;Completed;https://readcomiconline.li/Comic/The-Black-Hood-2016
The Comet (1983);Action, Adventure, Superhero;Archie Comics;William B. DuBay;Carmine Infantino;October 1983 - December 1983;Completed;https://readcomiconline.li/Comic/The-Comet-1983
The Double Life of Private Strong;Action, Adventure, Superhero;Archie Comics;Joe Simon;Jack Kirby, Joe Simon;June 1959 - August 1959;Completed;7,921;https://readcomiconline.li/Comic/The-Double-Life-of-Private-Strong
The Flintstones (1995);Action, Adventure, Superhero;Archie Comics;Various;Various;September 1995 - June 1997;Completed;8,895;https://readcomiconline.li/Comic/The-Flintstones-1995
The Fly (1959);Action, Adventure, Superhero;Archie Comics;Various;Jack Kirby;August 1959 - May 1960;Completed;https://readcomiconline.li/Comic/The-Fly-1959
The Fly (1983);Action, Adventure, Superhero;Archie Comics;Jack Kirby;Jim Steranko;January 1983 - October 1984;Completed;17,142;https://readcomiconline.li/Comic/The-Fly-1983
The Fox (2013);Action, Adventure, Superhero;Archie Comics;Dean Haspiel, Mark Waid;Dean Haspiel, Allen Passalaqua, John Workman;December 2013 - April 2014;Completed;13,985;https://readcomiconline.li/Comic/The-Fox
The Fox (2015);Action, Adventure, Superhero, Suspense;Archie Comics;Dean Haspiel, Mark Waid;Dean Haspiel, John Workman;June 2015;Completed;11,251;https://readcomiconline.li/Comic/The-Fox-2015
The Hangman;Action, Adventure, Horror, Superhero;Archie Comics;Frank Tieri;Felix Ruiz;December 2015;Completed;15,750;https://readcomiconline.li/Comic/The-Hangman
The Jetsons (1995);Sci-Fi;Archie Comics;Michael Mallory;Scott Hampton;September 1995 - April 1996;Completed;17,344;https://readcomiconline.li/Comic/The-Jetsons
The Mad House Glads;Anthropomorphic, Comedy;Archie Comics;Various;Dan Decarlo;August 1970 - August 1974;Completed;https://readcomiconline.li/Comic/The-Mad-House-Glads
The Mighty Crusaders (1965);Action, Adventure, Superhero;Archie Comics;Various;Paul Reinman;November 1965 - November 1966;Completed;15,541;https://readcomiconline.li/Comic/The-Mighty-Crusaders-1965
The Mighty Crusaders: The Lost Crusade;Action, Adventure, Superhero, Suspense;Archie Comics;Various;Various;September 2015;Completed;6,944;https://readcomiconline.li/Comic/The-Mighty-Crusaders-The-Lost-Crusade
The Shadow (1964);Action, Adventure, Crime, Movies & TV, Superhero;Archie Comics;Various;Paul Reinman;August 1964 - September 1965;Completed;23,641;https://readcomiconline.li/Comic/The-Shadow-1964
The Shield (2015);Action, Adventure, Superhero;Archie Comics;Drew Edward Johnson;Adam Christopher, Chuck Wendig;December 2015;Ongoing;25,163;https://readcomiconline.li/Comic/The-Shield
The TRS-80 Computer Whiz Kids;Adventure;Archie Comics;Paul Kupperberg;Chic Stone, Dick Ayers;March 1984;Completed;4,008;https://readcomiconline.li/Comic/The-TRS-80-Computer-Whiz-Kids
Vampironica;Horror;Archie Comics;Greg Smallwood, Megan Smallwood;Greg Smallwood;March 14 2018;Completed;120,964;https://readcomiconline.li/Comic/Vampironica
Veronica;Children, Comedy, Leading Ladies, Romance, School Life;Archie Comics;Kathleen Webb;Dan Decarlo, Dan Parent;April 1989 - February 2012;Completed;100,386;https://readcomiconline.li/Comic/Veronica
Wilbur Comics;Comedy;Archie Comics;Various;Various;Summer 1944 - October 1965;Completed;12,646;https://readcomiconline.li/Comic/Wilbur-Comics
World of Archie (1992);Comedy, School Life;Archie Comics;Dan Parent;Stan Goldberg, Henry Scarpelli, Rex W. Lindsey;August 1992 - March 1997;Completed;42,378;https://readcomiconline.li/Comic/World-of-Archie
World of Archie Double Digest;Comedy, School Life;Archie Comics;Various;Various;December 2010;Ongoing;192,416;https://readcomiconline.li/Comic/World-of-Archie-Double-Digest
Your Pal Archie;Children, Comedy, Romance;Archie Comics;Ty Templeton;Jack Morelli, Dan Parent, Ty Templeton;September 2017;Completed;46,380;https://readcomiconline.li/Comic/Your-Pal-Archie
Zen Intergalactic Ninja (1992);Action, Adventure, Superhero;Archie Comics;Stephen Stern;Mike Esposito, Ross Andru;September 1992;Completed;7,146;https://readcomiconline.li/Comic/Zen-Intergalactic-Ninja-1992
Zip Comics;Action, Adventure, Superhero;Archie Comics;Abner Sundell, Joe Blair;Irv Novick;February 1940 - Summer 1944;Completed;25,922;https://readcomiconline.li/Comic/Zip-Comics
